[
  {
    "value": "Abilify",
    "synonyms": [
      "Abilify"
    ]
  },
  {
    "value": "Accupril",
    "synonyms": [
      "Accupril"
    ]
  },
  {
    "value": "Acetaminophen",
    "synonyms": [
      "Acetaminophen"
    ]
  },
  {
    "value": "Aciphex",
    "synonyms": [
      "Aciphex"
    ]
  },
  {
    "value": "Acyclovir",
    "synonyms": [
      "Acyclovir"
    ]
  },
  {
    "value": "Adderall",
    "synonyms": [
      "Adderall"
    ]
  },
  {
    "value": "Advair Diskus",
    "synonyms": [
      "Advair Diskus"
    ]
  },
  {
    "value": "Advil",
    "synonyms": [
      "Advil"
    ]
  },
  {
    "value": "Aimovig",
    "synonyms": [
      "Aimovig"
    ]
  },
  {
    "value": "Albuterol",
    "synonyms": [
      "Albuterol"
    ]
  },
  {
    "value": "Aldactone",
    "synonyms": [
      "Aldactone"
    ]
  },
  {
    "value": "Alendronate",
    "synonyms": [
      "Alendronate"
    ]
  },
  {
    "value": "Aleve",
    "synonyms": [
      "Aleve"
    ]
  },
  {
    "value": "Allopurinol",
    "synonyms": [
      "Allopurinol"
    ]
  },
  {
    "value": "Alprazolam",
    "synonyms": [
      "Alprazolam"
    ]
  },
  {
    "value": "Ambien",
    "synonyms": [
      "Ambien"
    ]
  },
  {
    "value": "Amiodarone",
    "synonyms": [
      "Amiodarone"
    ]
  },
  {
    "value": "Amitiza",
    "synonyms": [
      "Amitiza"
    ]
  },
  {
    "value": "Amitriptyline",
    "synonyms": [
      "Amitriptyline"
    ]
  },
  {
    "value": "Amlodipine",
    "synonyms": [
      "Amlodipine"
    ]
  },
  {
    "value": "Amoxicillin",
    "synonyms": [
      "Amoxicillin"
    ]
  },
  {
    "value": "Amoxicillin and Clavulanate",
    "synonyms": [
      "Amoxicillin and Clavulanate"
    ]
  },
  {
    "value": "Amphetamine and dextroamphetamine",
    "synonyms": [
      "Amphetamine and dextroamphetamine"
    ]
  },
  {
    "value": "Anastrozole",
    "synonyms": [
      "Anastrozole"
    ]
  },
  {
    "value": "Antivert",
    "synonyms": [
      "Antivert"
    ]
  },
  {
    "value": "Apixaban",
    "synonyms": [
      "Apixaban"
    ]
  },
  {
    "value": "Aricept",
    "synonyms": [
      "Aricept"
    ]
  },
  {
    "value": "Arimidex",
    "synonyms": [
      "Arimidex"
    ]
  },
  {
    "value": "Aripiprazole",
    "synonyms": [
      "Aripiprazole"
    ]
  },
  {
    "value": "Armour Thyroid",
    "synonyms": [
      "Armour Thyroid"
    ]
  },
  {
    "value": "Ascorbic acid",
    "synonyms": [
      "Ascorbic acid"
    ]
  },
  {
    "value": "Aspir 81",
    "synonyms": [
      "Aspir 81"
    ]
  },
  {
    "value": "Aspirin",
    "synonyms": [
      "Aspirin"
    ]
  },
  {
    "value": "Atenolol",
    "synonyms": [
      "Atenolol"
    ]
  },
  {
    "value": "Ativan",
    "synonyms": [
      "Ativan"
    ]
  },
  {
    "value": "Atorvastatin",
    "synonyms": [
      "Atorvastatin"
    ]
  },
  {
    "value": "Augmentin",
    "synonyms": [
      "Augmentin"
    ]
  },
  {
    "value": "Azelastine",
    "synonyms": [
      "Azelastine"
    ]
  },
  {
    "value": "Azithromycin",
    "synonyms": [
      "Azithromycin"
    ]
  },
  {
    "value": "Bacitracin",
    "synonyms": [
      "Bacitracin"
    ]
  },
  {
    "value": "Baclofen",
    "synonyms": [
      "Baclofen"
    ]
  },
  {
    "value": "Bactrim",
    "synonyms": [
      "Bactrim"
    ]
  },
  {
    "value": "Basaglar",
    "synonyms": [
      "Basaglar"
    ]
  },
  {
    "value": "Belbuca",
    "synonyms": [
      "Belbuca"
    ]
  },
  {
    "value": "Belsomra",
    "synonyms": [
      "Belsomra"
    ]
  },
  {
    "value": "Benadryl",
    "synonyms": [
      "Benadryl"
    ]
  },
  {
    "value": "Benazepril",
    "synonyms": [
      "Benazepril"
    ]
  },
  {
    "value": "Benicar",
    "synonyms": [
      "Benicar"
    ]
  },
  {
    "value": "Bentyl",
    "synonyms": [
      "Bentyl"
    ]
  },
  {
    "value": "Benzonatate",
    "synonyms": [
      "Benzonatate"
    ]
  },
  {
    "value": "Benztropine",
    "synonyms": [
      "Benztropine"
    ]
  },
  {
    "value": "Betamethasone",
    "synonyms": [
      "Betamethasone"
    ]
  },
  {
    "value": "Bicalutamide",
    "synonyms": [
      "Bicalutamide"
    ]
  },
  {
    "value": "Biktarvy",
    "synonyms": [
      "Biktarvy"
    ]
  },
  {
    "value": "Bisacodyl",
    "synonyms": [
      "Bisacodyl"
    ]
  },
  {
    "value": "Bisoprolol",
    "synonyms": [
      "Bisoprolol"
    ]
  },
  {
    "value": "Boniva",
    "synonyms": [
      "Boniva"
    ]
  },
  {
    "value": "Botox",
    "synonyms": [
      "Botox"
    ]
  },
  {
    "value": "Breo Ellipta",
    "synonyms": [
      "Breo Ellipta"
    ]
  },
  {
    "value": "Brilinta",
    "synonyms": [
      "Brilinta"
    ]
  },
  {
    "value": "Brimonidine ophthalmic",
    "synonyms": [
      "Brimonidine ophthalmic"
    ]
  },
  {
    "value": "Budesonide",
    "synonyms": [
      "Budesonide"
    ]
  },
  {
    "value": "Buprenorphine",
    "synonyms": [
      "Buprenorphine"
    ]
  },
  {
    "value": "Buprenorphine and Naloxone",
    "synonyms": [
      "Buprenorphine and Naloxone"
    ]
  },
  {
    "value": "Bupropion",
    "synonyms": [
      "Bupropion"
    ]
  },
  {
    "value": "Buspar",
    "synonyms": [
      "Buspar"
    ]
  },
  {
    "value": "Buspirone",
    "synonyms": [
      "Buspirone"
    ]
  },
  {
    "value": "Butalbital Compound",
    "synonyms": [
      "Butalbital Compound"
    ]
  },
  {
    "value": "Bydureon",
    "synonyms": [
      "Bydureon"
    ]
  },
  {
    "value": "Byetta",
    "synonyms": [
      "Byetta"
    ]
  },
  {
    "value": "Bystolic",
    "synonyms": [
      "Bystolic"
    ]
  },
  {
    "value": "Calcitriol",
    "synonyms": [
      "Calcitriol"
    ]
  },
  {
    "value": "Calcium carbonate",
    "synonyms": [
      "Calcium carbonate"
    ]
  },
  {
    "value": "Captopril",
    "synonyms": [
      "Captopril"
    ]
  },
  {
    "value": "Carafate",
    "synonyms": [
      "Carafate"
    ]
  },
  {
    "value": "Carbamazepine",
    "synonyms": [
      "Carbamazepine"
    ]
  },
  {
    "value": "Cardizem",
    "synonyms": [
      "Cardizem"
    ]
  },
  {
    "value": "Carvedilol",
    "synonyms": [
      "Carvedilol"
    ]
  },
  {
    "value": "Cefdinir",
    "synonyms": [
      "Cefdinir"
    ]
  },
  {
    "value": "Cefpodoxime",
    "synonyms": [
      "Cefpodoxime"
    ]
  },
  {
    "value": "Cefuroxime",
    "synonyms": [
      "Cefuroxime"
    ]
  },
  {
    "value": "Celebrex",
    "synonyms": [
      "Celebrex"
    ]
  },
  {
    "value": "Celecoxib",
    "synonyms": [
      "Celecoxib"
    ]
  },
  {
    "value": "Celexa",
    "synonyms": [
      "Celexa"
    ]
  },
  {
    "value": "Cellcept",
    "synonyms": [
      "Cellcept"
    ]
  },
  {
    "value": "Cephalexin",
    "synonyms": [
      "Cephalexin"
    ]
  },
  {
    "value": "Cetirizine",
    "synonyms": [
      "Cetirizine"
    ]
  },
  {
    "value": "Chlorthalidone",
    "synonyms": [
      "Chlorthalidone"
    ]
  },
  {
    "value": "Cholecalciferol",
    "synonyms": [
      "Cholecalciferol"
    ]
  },
  {
    "value": "Cialis",
    "synonyms": [
      "Cialis"
    ]
  },
  {
    "value": "Cipro",
    "synonyms": [
      "Cipro"
    ]
  },
  {
    "value": "Ciprofloxacin",
    "synonyms": [
      "Ciprofloxacin"
    ]
  },
  {
    "value": "Citalopram",
    "synonyms": [
      "Citalopram"
    ]
  },
  {
    "value": "Claritin",
    "synonyms": [
      "Claritin"
    ]
  },
  {
    "value": "Clindamycin",
    "synonyms": [
      "Clindamycin"
    ]
  },
  {
    "value": "Clobetasol Topical",
    "synonyms": [
      "Clobetasol Topical"
    ]
  },
  {
    "value": "Clonazepam",
    "synonyms": [
      "Clonazepam"
    ]
  },
  {
    "value": "Clonidine",
    "synonyms": [
      "Clonidine"
    ]
  },
  {
    "value": "Clopidogrel",
    "synonyms": [
      "Clopidogrel"
    ]
  },
  {
    "value": "Clotrimazole",
    "synonyms": [
      "Clotrimazole"
    ]
  },
  {
    "value": "Codeine",
    "synonyms": [
      "Codeine"
    ]
  },
  {
    "value": "Colace",
    "synonyms": [
      "Colace"
    ]
  },
  {
    "value": "Colchicine",
    "synonyms": [
      "Colchicine"
    ]
  },
  {
    "value": "Concerta",
    "synonyms": [
      "Concerta"
    ]
  },
  {
    "value": "Coreg",
    "synonyms": [
      "Coreg"
    ]
  },
  {
    "value": "Coumadin",
    "synonyms": [
      "Coumadin"
    ]
  },
  {
    "value": "Crestor",
    "synonyms": [
      "Crestor"
    ]
  },
  {
    "value": "Cyanocobalamin",
    "synonyms": [
      "Cyanocobalamin"
    ]
  },
  {
    "value": "Cyclobenzaprine",
    "synonyms": [
      "Cyclobenzaprine"
    ]
  },
  {
    "value": "Cymbalta",
    "synonyms": [
      "Cymbalta"
    ]
  },
  {
    "value": "Daliresp",
    "synonyms": [
      "Daliresp"
    ]
  },
  {
    "value": "Demerol",
    "synonyms": [
      "Demerol"
    ]
  },
  {
    "value": "Denosumab",
    "synonyms": [
      "Denosumab"
    ]
  },
  {
    "value": "Depakote",
    "synonyms": [
      "Depakote"
    ]
  },
  {
    "value": "Desloratadine",
    "synonyms": [
      "Desloratadine"
    ]
  },
  {
    "value": "Desvenlafaxine",
    "synonyms": [
      "Desvenlafaxine"
    ]
  },
  {
    "value": "Dexamethasone",
    "synonyms": [
      "Dexamethasone"
    ]
  },
  {
    "value": "Dexamethasone Intensol",
    "synonyms": [
      "Dexamethasone Intensol"
    ]
  },
  {
    "value": "Dexilant",
    "synonyms": [
      "Dexilant"
    ]
  },
  {
    "value": "Dextromethorphan",
    "synonyms": [
      "Dextromethorphan"
    ]
  },
  {
    "value": "Dextrose",
    "synonyms": [
      "Dextrose"
    ]
  },
  {
    "value": "Diamox",
    "synonyms": [
      "Diamox"
    ]
  },
  {
    "value": "Diazepam",
    "synonyms": [
      "Diazepam"
    ]
  },
  {
    "value": "Diclofenac",
    "synonyms": [
      "Diclofenac"
    ]
  },
  {
    "value": "Dicyclomine",
    "synonyms": [
      "Dicyclomine"
    ]
  },
  {
    "value": "Diflucan",
    "synonyms": [
      "Diflucan"
    ]
  },
  {
    "value": "Digoxin",
    "synonyms": [
      "Digoxin"
    ]
  },
  {
    "value": "Dilantin",
    "synonyms": [
      "Dilantin"
    ]
  },
  {
    "value": "Dilaudid",
    "synonyms": [
      "Dilaudid"
    ]
  },
  {
    "value": "Diltiazem",
    "synonyms": [
      "Diltiazem"
    ]
  },
  {
    "value": "Diovan",
    "synonyms": [
      "Diovan"
    ]
  },
  {
    "value": "Diphenhydramine",
    "synonyms": [
      "Diphenhydramine"
    ]
  },
  {
    "value": "Ditropan",
    "synonyms": [
      "Ditropan"
    ]
  },
  {
    "value": "Divalproex sodium",
    "synonyms": [
      "Divalproex sodium"
    ]
  },
  {
    "value": "Docusate",
    "synonyms": [
      "Docusate"
    ]
  },
  {
    "value": "Donepezil",
    "synonyms": [
      "Donepezil"
    ]
  },
  {
    "value": "Doxazosin",
    "synonyms": [
      "Doxazosin"
    ]
  },
  {
    "value": "Doxycycline",
    "synonyms": [
      "Doxycycline"
    ]
  },
  {
    "value": "Dulcolax",
    "synonyms": [
      "Dulcolax"
    ]
  },
  {
    "value": "Dulera",
    "synonyms": [
      "Dulera"
    ]
  },
  {
    "value": "Duloxetine",
    "synonyms": [
      "Duloxetine"
    ]
  },
  {
    "value": "Dutasteride",
    "synonyms": [
      "Dutasteride"
    ]
  },
  {
    "value": "Dymista",
    "synonyms": [
      "Dymista"
    ]
  },
  {
    "value": "Echinacea",
    "synonyms": [
      "Echinacea"
    ]
  },
  {
    "value": "Econazole topical",
    "synonyms": [
      "Econazole topical"
    ]
  },
  {
    "value": "Ecotrin",
    "synonyms": [
      "Ecotrin"
    ]
  },
  {
    "value": "Edarbi",
    "synonyms": [
      "Edarbi"
    ]
  },
  {
    "value": "Effexor",
    "synonyms": [
      "Effexor"
    ]
  },
  {
    "value": "Effexor XR",
    "synonyms": [
      "Effexor XR"
    ]
  },
  {
    "value": "Effient",
    "synonyms": [
      "Effient"
    ]
  },
  {
    "value": "Efudex",
    "synonyms": [
      "Efudex"
    ]
  },
  {
    "value": "Elavil",
    "synonyms": [
      "Elavil"
    ]
  },
  {
    "value": "Eliquis",
    "synonyms": [
      "Eliquis"
    ]
  },
  {
    "value": "Elocon",
    "synonyms": [
      "Elocon"
    ]
  },
  {
    "value": "Emgality",
    "synonyms": [
      "Emgality"
    ]
  },
  {
    "value": "Empagliflozin",
    "synonyms": [
      "Empagliflozin"
    ]
  },
  {
    "value": "Enalapril",
    "synonyms": [
      "Enalapril"
    ]
  },
  {
    "value": "Enbrel",
    "synonyms": [
      "Enbrel"
    ]
  },
  {
    "value": "Enoxaparin",
    "synonyms": [
      "Enoxaparin"
    ]
  },
  {
    "value": "Entresto",
    "synonyms": [
      "Entresto"
    ]
  },
  {
    "value": "Entyvio",
    "synonyms": [
      "Entyvio"
    ]
  },
  {
    "value": "EpiPen",
    "synonyms": [
      "EpiPen"
    ]
  },
  {
    "value": "Ergocalciferol",
    "synonyms": [
      "Ergocalciferol"
    ]
  },
  {
    "value": "Erythromycin",
    "synonyms": [
      "Erythromycin"
    ]
  },
  {
    "value": "Erythromycin ophthalmic",
    "synonyms": [
      "Erythromycin ophthalmic"
    ]
  },
  {
    "value": "Escitalopram",
    "synonyms": [
      "Escitalopram"
    ]
  },
  {
    "value": "Esomeprazole",
    "synonyms": [
      "Esomeprazole"
    ]
  },
  {
    "value": "Estrace",
    "synonyms": [
      "Estrace"
    ]
  },
  {
    "value": "Estradiol",
    "synonyms": [
      "Estradiol"
    ]
  },
  {
    "value": "Eszopiclone",
    "synonyms": [
      "Eszopiclone"
    ]
  },
  {
    "value": "Etanercept",
    "synonyms": [
      "Etanercept"
    ]
  },
  {
    "value": "Ethinyl estradiol and norethindrone",
    "synonyms": [
      "Ethinyl estradiol and norethindrone"
    ]
  },
  {
    "value": "Etodolac",
    "synonyms": [
      "Etodolac"
    ]
  },
  {
    "value": "Eucrisa",
    "synonyms": [
      "Eucrisa"
    ]
  },
  {
    "value": "Euthyrox",
    "synonyms": [
      "Euthyrox"
    ]
  },
  {
    "value": "Evista",
    "synonyms": [
      "Evista"
    ]
  },
  {
    "value": "Evolocumab",
    "synonyms": [
      "Evolocumab"
    ]
  },
  {
    "value": "Excedrin",
    "synonyms": [
      "Excedrin"
    ]
  },
  {
    "value": "Exelon",
    "synonyms": [
      "Exelon"
    ]
  },
  {
    "value": "Exemestane",
    "synonyms": [
      "Exemestane"
    ]
  },
  {
    "value": "Exforge",
    "synonyms": [
      "Exforge"
    ]
  },
  {
    "value": "Eylea",
    "synonyms": [
      "Eylea"
    ]
  },
  {
    "value": "Ezetimibe",
    "synonyms": [
      "Ezetimibe"
    ]
  },
  {
    "value": "Famotidine",
    "synonyms": [
      "Famotidine"
    ]
  },
  {
    "value": "Farxiga",
    "synonyms": [
      "Farxiga"
    ]
  },
  {
    "value": "Faslodex",
    "synonyms": [
      "Faslodex"
    ]
  },
  {
    "value": "Felodipine",
    "synonyms": [
      "Felodipine"
    ]
  },
  {
    "value": "Fenofibrate",
    "synonyms": [
      "Fenofibrate"
    ]
  },
  {
    "value": "Fentanyl",
    "synonyms": [
      "Fentanyl"
    ]
  },
  {
    "value": "FeroSul",
    "synonyms": [
      "FeroSul"
    ]
  },
  {
    "value": "Ferrous fumarate",
    "synonyms": [
      "Ferrous fumarate"
    ]
  },
  {
    "value": "Ferrous gluconate",
    "synonyms": [
      "Ferrous gluconate"
    ]
  },
  {
    "value": "Ferrous Sulfate",
    "synonyms": [
      "Ferrous Sulfate"
    ]
  },
  {
    "value": "Fexofenadine",
    "synonyms": [
      "Fexofenadine"
    ]
  },
  {
    "value": "FiberCon",
    "synonyms": [
      "FiberCon"
    ]
  },
  {
    "value": "Finasteride",
    "synonyms": [
      "Finasteride"
    ]
  },
  {
    "value": "Fioricet",
    "synonyms": [
      "Fioricet"
    ]
  },
  {
    "value": "Fish Oil",
    "synonyms": [
      "Fish Oil"
    ]
  },
  {
    "value": "Flagyl",
    "synonyms": [
      "Flagyl"
    ]
  },
  {
    "value": "Flecainide",
    "synonyms": [
      "Flecainide"
    ]
  },
  {
    "value": "Flexeril",
    "synonyms": [
      "Flexeril"
    ]
  },
  {
    "value": "Flomax",
    "synonyms": [
      "Flomax"
    ]
  },
  {
    "value": "Flonase",
    "synonyms": [
      "Flonase"
    ]
  },
  {
    "value": "Florastor",
    "synonyms": [
      "Florastor"
    ]
  },
  {
    "value": "Flovent",
    "synonyms": [
      "Flovent"
    ]
  },
  {
    "value": "Flovent HFA",
    "synonyms": [
      "Flovent HFA"
    ]
  },
  {
    "value": "Fluconazole",
    "synonyms": [
      "Fluconazole"
    ]
  },
  {
    "value": "Fludrocortisone",
    "synonyms": [
      "Fludrocortisone"
    ]
  },
  {
    "value": "Fluocinonide",
    "synonyms": [
      "Fluocinonide"
    ]
  },
  {
    "value": "Fluoxetine",
    "synonyms": [
      "Fluoxetine"
    ]
  },
  {
    "value": "Fluticasone",
    "synonyms": [
      "Fluticasone"
    ]
  },
  {
    "value": "Fluticasone and salmeterol",
    "synonyms": [
      "Fluticasone and salmeterol"
    ]
  },
  {
    "value": "Fluvoxamine",
    "synonyms": [
      "Fluvoxamine"
    ]
  },
  {
    "value": "Folic Acid",
    "synonyms": [
      "Folic Acid"
    ]
  },
  {
    "value": "Formoterol",
    "synonyms": [
      "Formoterol"
    ]
  },
  {
    "value": "Fosamax",
    "synonyms": [
      "Fosamax"
    ]
  },
  {
    "value": "Furosemide",
    "synonyms": [
      "Furosemide"
    ]
  },
  {
    "value": "Gabapentin",
    "synonyms": [
      "Gabapentin"
    ]
  },
  {
    "value": "Galantamine",
    "synonyms": [
      "Galantamine"
    ]
  },
  {
    "value": "Garamycin",
    "synonyms": [
      "Garamycin"
    ]
  },
  {
    "value": "Gardasil",
    "synonyms": [
      "Gardasil"
    ]
  },
  {
    "value": "Garlic",
    "synonyms": [
      "Garlic"
    ]
  },
  {
    "value": "Gas-X",
    "synonyms": [
      "Gas-X"
    ]
  },
  {
    "value": "Gaviscon",
    "synonyms": [
      "Gaviscon"
    ]
  },
  {
    "value": "Gaviscon Extra Strength",
    "synonyms": [
      "Gaviscon Extra Strength"
    ]
  },
  {
    "value": "Gemcitabine",
    "synonyms": [
      "Gemcitabine"
    ]
  },
  {
    "value": "Gemfibrozil",
    "synonyms": [
      "Gemfibrozil"
    ]
  },
  {
    "value": "Gemzar",
    "synonyms": [
      "Gemzar"
    ]
  },
  {
    "value": "Genotropin",
    "synonyms": [
      "Genotropin"
    ]
  },
  {
    "value": "Gentamicin",
    "synonyms": [
      "Gentamicin"
    ]
  },
  {
    "value": "Genvoya",
    "synonyms": [
      "Genvoya"
    ]
  },
  {
    "value": "Geodon",
    "synonyms": [
      "Geodon"
    ]
  },
  {
    "value": "Ginkgo Biloba",
    "synonyms": [
      "Ginkgo Biloba"
    ]
  },
  {
    "value": "Gleevec",
    "synonyms": [
      "Gleevec"
    ]
  },
  {
    "value": "Glimepiride",
    "synonyms": [
      "Glimepiride"
    ]
  },
  {
    "value": "Glipizide",
    "synonyms": [
      "Glipizide"
    ]
  },
  {
    "value": "Glucagon",
    "synonyms": [
      "Glucagon"
    ]
  },
  {
    "value": "Glucophage",
    "synonyms": [
      "Glucophage"
    ]
  },
  {
    "value": "Glucosamine",
    "synonyms": [
      "Glucosamine"
    ]
  },
  {
    "value": "Glucosamine \u0026amp; Chondroitin with MSM",
    "synonyms": [
      "Glucosamine \u0026amp",
      " Chondroitin with MSM"
    ]
  },
  {
    "value": "Glucotrol",
    "synonyms": [
      "Glucotrol"
    ]
  },
  {
    "value": "Glumetza",
    "synonyms": [
      "Glumetza"
    ]
  },
  {
    "value": "Glyburide",
    "synonyms": [
      "Glyburide"
    ]
  },
  {
    "value": "GlycoLax",
    "synonyms": [
      "GlycoLax"
    ]
  },
  {
    "value": "Glycopyrrolate",
    "synonyms": [
      "Glycopyrrolate"
    ]
  },
  {
    "value": "Glyxambi",
    "synonyms": [
      "Glyxambi"
    ]
  },
  {
    "value": "GoLYTELY",
    "synonyms": [
      "GoLYTELY"
    ]
  },
  {
    "value": "Gralise",
    "synonyms": [
      "Gralise"
    ]
  },
  {
    "value": "Griseofulvin",
    "synonyms": [
      "Griseofulvin"
    ]
  },
  {
    "value": "Guaifenesin",
    "synonyms": [
      "Guaifenesin"
    ]
  },
  {
    "value": "Guanfacine",
    "synonyms": [
      "Guanfacine"
    ]
  },
  {
    "value": "Halcion",
    "synonyms": [
      "Halcion"
    ]
  },
  {
    "value": "Haldol",
    "synonyms": [
      "Haldol"
    ]
  },
  {
    "value": "Halobetasol topical",
    "synonyms": [
      "Halobetasol topical"
    ]
  },
  {
    "value": "Haloperidol",
    "synonyms": [
      "Haloperidol"
    ]
  },
  {
    "value": "Harvoni",
    "synonyms": [
      "Harvoni"
    ]
  },
  {
    "value": "Havrix",
    "synonyms": [
      "Havrix"
    ]
  },
  {
    "value": "Heparin",
    "synonyms": [
      "Heparin"
    ]
  },
  {
    "value": "Heparin flush",
    "synonyms": [
      "Heparin flush"
    ]
  },
  {
    "value": "Herceptin",
    "synonyms": [
      "Herceptin"
    ]
  },
  {
    "value": "Horizant",
    "synonyms": [
      "Horizant"
    ]
  },
  {
    "value": "Humalog",
    "synonyms": [
      "Humalog"
    ]
  },
  {
    "value": "Humira",
    "synonyms": [
      "Humira"
    ]
  },
  {
    "value": "Humulin 70/30",
    "synonyms": [
      "Humulin 70/30"
    ]
  },
  {
    "value": "Humulin N",
    "synonyms": [
      "Humulin N"
    ]
  },
  {
    "value": "Hydralazine",
    "synonyms": [
      "Hydralazine"
    ]
  },
  {
    "value": "Hydrea",
    "synonyms": [
      "Hydrea"
    ]
  },
  {
    "value": "Hydrochlorothiazide",
    "synonyms": [
      "Hydrochlorothiazide"
    ]
  },
  {
    "value": "Hydrochlorothiazide and irbesartan",
    "synonyms": [
      "Hydrochlorothiazide and irbesartan"
    ]
  },
  {
    "value": "Hydrochlorothiazide and lisinopril",
    "synonyms": [
      "Hydrochlorothiazide and lisinopril"
    ]
  },
  {
    "value": "Hydrochlorothiazide and losartan",
    "synonyms": [
      "Hydrochlorothiazide and losartan"
    ]
  },
  {
    "value": "Hydrochlorothiazide and propranolol",
    "synonyms": [
      "Hydrochlorothiazide and propranolol"
    ]
  },
  {
    "value": "Hydrochlorothiazide and spironolactone",
    "synonyms": [
      "Hydrochlorothiazide and spironolactone"
    ]
  },
  {
    "value": "Hydrochlorothiazide and triamterene",
    "synonyms": [
      "Hydrochlorothiazide and triamterene"
    ]
  },
  {
    "value": "Hydrochlorothiazide and valsartan",
    "synonyms": [
      "Hydrochlorothiazide and valsartan"
    ]
  },
  {
    "value": "Hydrocodone",
    "synonyms": [
      "Hydrocodone"
    ]
  },
  {
    "value": "Hydrocortisone",
    "synonyms": [
      "Hydrocortisone"
    ]
  },
  {
    "value": "Hydrocortisone Cream",
    "synonyms": [
      "Hydrocortisone Cream"
    ]
  },
  {
    "value": "Hydromorphone",
    "synonyms": [
      "Hydromorphone"
    ]
  },
  {
    "value": "Hydroxychloroquine",
    "synonyms": [
      "Hydroxychloroquine"
    ]
  },
  {
    "value": "Hydroxyurea",
    "synonyms": [
      "Hydroxyurea"
    ]
  },
  {
    "value": "Hydroxyzine",
    "synonyms": [
      "Hydroxyzine"
    ]
  },
  {
    "value": "Hyoscyamine",
    "synonyms": [
      "Hyoscyamine"
    ]
  },
  {
    "value": "Hysingla ER",
    "synonyms": [
      "Hysingla ER"
    ]
  },
  {
    "value": "Hytrin",
    "synonyms": [
      "Hytrin"
    ]
  },
  {
    "value": "Hyzaar",
    "synonyms": [
      "Hyzaar"
    ]
  },
  {
    "value": "Ibrance",
    "synonyms": [
      "Ibrance"
    ]
  },
  {
    "value": "Ibrutinib",
    "synonyms": [
      "Ibrutinib"
    ]
  },
  {
    "value": "Ibu",
    "synonyms": [
      "Ibu"
    ]
  },
  {
    "value": "Ibuprofen",
    "synonyms": [
      "Ibuprofen"
    ]
  },
  {
    "value": "Ibuprofen PM",
    "synonyms": [
      "Ibuprofen PM"
    ]
  },
  {
    "value": "Imbruvica",
    "synonyms": [
      "Imbruvica"
    ]
  },
  {
    "value": "Imdur",
    "synonyms": [
      "Imdur"
    ]
  },
  {
    "value": "Imipramine",
    "synonyms": [
      "Imipramine"
    ]
  },
  {
    "value": "Imitrex",
    "synonyms": [
      "Imitrex"
    ]
  },
  {
    "value": "Imodium A-D",
    "synonyms": [
      "Imodium A-D"
    ]
  },
  {
    "value": "Imuran",
    "synonyms": [
      "Imuran"
    ]
  },
  {
    "value": "Incruse Ellipta",
    "synonyms": [
      "Incruse Ellipta"
    ]
  },
  {
    "value": "Indapamide",
    "synonyms": [
      "Indapamide"
    ]
  },
  {
    "value": "Inderal",
    "synonyms": [
      "Inderal"
    ]
  },
  {
    "value": "Indocin",
    "synonyms": [
      "Indocin"
    ]
  },
  {
    "value": "Indomethacin",
    "synonyms": [
      "Indomethacin"
    ]
  },
  {
    "value": "Infliximab",
    "synonyms": [
      "Infliximab"
    ]
  },
  {
    "value": "Inspra",
    "synonyms": [
      "Inspra"
    ]
  },
  {
    "value": "Insulin",
    "synonyms": [
      "Insulin"
    ]
  },
  {
    "value": "Insulin glargine",
    "synonyms": [
      "Insulin glargine"
    ]
  },
  {
    "value": "Insulin Lispro",
    "synonyms": [
      "Insulin Lispro"
    ]
  },
  {
    "value": "Insulin regular",
    "synonyms": [
      "Insulin regular"
    ]
  },
  {
    "value": "Intuniv",
    "synonyms": [
      "Intuniv"
    ]
  },
  {
    "value": "Invega",
    "synonyms": [
      "Invega"
    ]
  },
  {
    "value": "Invega Sustenna",
    "synonyms": [
      "Invega Sustenna"
    ]
  },
  {
    "value": "Invokana",
    "synonyms": [
      "Invokana"
    ]
  },
  {
    "value": "Ipratropium",
    "synonyms": [
      "Ipratropium"
    ]
  },
  {
    "value": "Irbesartan",
    "synonyms": [
      "Irbesartan"
    ]
  },
  {
    "value": "Isentress",
    "synonyms": [
      "Isentress"
    ]
  },
  {
    "value": "Isoniazid",
    "synonyms": [
      "Isoniazid"
    ]
  },
  {
    "value": "Isosorbide",
    "synonyms": [
      "Isosorbide"
    ]
  },
  {
    "value": "Isosorbide dinitrate",
    "synonyms": [
      "Isosorbide dinitrate"
    ]
  },
  {
    "value": "Isotretinoin",
    "synonyms": [
      "Isotretinoin"
    ]
  },
  {
    "value": "Itraconazole",
    "synonyms": [
      "Itraconazole"
    ]
  },
  {
    "value": "Ivermectin",
    "synonyms": [
      "Ivermectin"
    ]
  },
  {
    "value": "Jadenu",
    "synonyms": [
      "Jadenu"
    ]
  },
  {
    "value": "Jakafi",
    "synonyms": [
      "Jakafi"
    ]
  },
  {
    "value": "Jalyn",
    "synonyms": [
      "Jalyn"
    ]
  },
  {
    "value": "Jantoven",
    "synonyms": [
      "Jantoven"
    ]
  },
  {
    "value": "Janumet",
    "synonyms": [
      "Janumet"
    ]
  },
  {
    "value": "Janumet XR",
    "synonyms": [
      "Janumet XR"
    ]
  },
  {
    "value": "Januvia",
    "synonyms": [
      "Januvia"
    ]
  },
  {
    "value": "Jardiance",
    "synonyms": [
      "Jardiance"
    ]
  },
  {
    "value": "Jatenzo",
    "synonyms": [
      "Jatenzo"
    ]
  },
  {
    "value": "Jentadueto",
    "synonyms": [
      "Jentadueto"
    ]
  },
  {
    "value": "Jentadueto XR",
    "synonyms": [
      "Jentadueto XR"
    ]
  },
  {
    "value": "Jevtana",
    "synonyms": [
      "Jevtana"
    ]
  },
  {
    "value": "Jolivette",
    "synonyms": [
      "Jolivette"
    ]
  },
  {
    "value": "Jornay PM",
    "synonyms": [
      "Jornay PM"
    ]
  },
  {
    "value": "Jublia",
    "synonyms": [
      "Jublia"
    ]
  },
  {
    "value": "Juluca",
    "synonyms": [
      "Juluca"
    ]
  },
  {
    "value": "Kaletra",
    "synonyms": [
      "Kaletra"
    ]
  },
  {
    "value": "Kanjinti",
    "synonyms": [
      "Kanjinti"
    ]
  },
  {
    "value": "Kaopectate",
    "synonyms": [
      "Kaopectate"
    ]
  },
  {
    "value": "Kapvay",
    "synonyms": [
      "Kapvay"
    ]
  },
  {
    "value": "Kayexalate",
    "synonyms": [
      "Kayexalate"
    ]
  },
  {
    "value": "K-Dur",
    "synonyms": [
      "K-Dur"
    ]
  },
  {
    "value": "Keflex",
    "synonyms": [
      "Keflex"
    ]
  },
  {
    "value": "Kenalog",
    "synonyms": [
      "Kenalog"
    ]
  },
  {
    "value": "Keppra",
    "synonyms": [
      "Keppra"
    ]
  },
  {
    "value": "Keppra XR",
    "synonyms": [
      "Keppra XR"
    ]
  },
  {
    "value": "Kerydin",
    "synonyms": [
      "Kerydin"
    ]
  },
  {
    "value": "Kesimpta",
    "synonyms": [
      "Kesimpta"
    ]
  },
  {
    "value": "Ketalar",
    "synonyms": [
      "Ketalar"
    ]
  },
  {
    "value": "Ketamine",
    "synonyms": [
      "Ketamine"
    ]
  },
  {
    "value": "Ketoconazole",
    "synonyms": [
      "Ketoconazole"
    ]
  },
  {
    "value": "Ketoconazole topical",
    "synonyms": [
      "Ketoconazole topical"
    ]
  },
  {
    "value": "Ketoprofen",
    "synonyms": [
      "Ketoprofen"
    ]
  },
  {
    "value": "Ketorolac",
    "synonyms": [
      "Ketorolac"
    ]
  },
  {
    "value": "Ketotifen ophthalmic",
    "synonyms": [
      "Ketotifen ophthalmic"
    ]
  },
  {
    "value": "Keveyis",
    "synonyms": [
      "Keveyis"
    ]
  },
  {
    "value": "Kevzara",
    "synonyms": [
      "Kevzara"
    ]
  },
  {
    "value": "Keytruda",
    "synonyms": [
      "Keytruda"
    ]
  },
  {
    "value": "Kineret",
    "synonyms": [
      "Kineret"
    ]
  },
  {
    "value": "Kisqali",
    "synonyms": [
      "Kisqali"
    ]
  },
  {
    "value": "Klonopin",
    "synonyms": [
      "Klonopin"
    ]
  },
  {
    "value": "Klor-Con",
    "synonyms": [
      "Klor-Con"
    ]
  },
  {
    "value": "Kombiglyze XR",
    "synonyms": [
      "Kombiglyze XR"
    ]
  },
  {
    "value": "K-Phos Neutral",
    "synonyms": [
      "K-Phos Neutral"
    ]
  },
  {
    "value": "Krill Oil",
    "synonyms": [
      "Krill Oil"
    ]
  },
  {
    "value": "Kyleena",
    "synonyms": [
      "Kyleena"
    ]
  },
  {
    "value": "Kymriah",
    "synonyms": [
      "Kymriah"
    ]
  },
  {
    "value": "Kyprolis",
    "synonyms": [
      "Kyprolis"
    ]
  },
  {
    "value": "Labetalol",
    "synonyms": [
      "Labetalol"
    ]
  },
  {
    "value": "Lactulose",
    "synonyms": [
      "Lactulose"
    ]
  },
  {
    "value": "Lamictal",
    "synonyms": [
      "Lamictal"
    ]
  },
  {
    "value": "Lamotrigine",
    "synonyms": [
      "Lamotrigine"
    ]
  },
  {
    "value": "Lansoprazole",
    "synonyms": [
      "Lansoprazole"
    ]
  },
  {
    "value": "Lantus",
    "synonyms": [
      "Lantus"
    ]
  },
  {
    "value": "Lasix",
    "synonyms": [
      "Lasix"
    ]
  },
  {
    "value": "Latuda",
    "synonyms": [
      "Latuda"
    ]
  },
  {
    "value": "Leflunomide",
    "synonyms": [
      "Leflunomide"
    ]
  },
  {
    "value": "Letrozole",
    "synonyms": [
      "Letrozole"
    ]
  },
  {
    "value": "Levaquin",
    "synonyms": [
      "Levaquin"
    ]
  },
  {
    "value": "Levemir",
    "synonyms": [
      "Levemir"
    ]
  },
  {
    "value": "Levetiracetam",
    "synonyms": [
      "Levetiracetam"
    ]
  },
  {
    "value": "Levocetirizine",
    "synonyms": [
      "Levocetirizine"
    ]
  },
  {
    "value": "Levofloxacin",
    "synonyms": [
      "Levofloxacin"
    ]
  },
  {
    "value": "Levothyroxine",
    "synonyms": [
      "Levothyroxine"
    ]
  },
  {
    "value": "Levoxyl",
    "synonyms": [
      "Levoxyl"
    ]
  },
  {
    "value": "Lexapro",
    "synonyms": [
      "Lexapro"
    ]
  },
  {
    "value": "Librax",
    "synonyms": [
      "Librax"
    ]
  },
  {
    "value": "Lidocaine",
    "synonyms": [
      "Lidocaine"
    ]
  },
  {
    "value": "Linaclotide",
    "synonyms": [
      "Linaclotide"
    ]
  },
  {
    "value": "Linzess",
    "synonyms": [
      "Linzess"
    ]
  },
  {
    "value": "Lipitor",
    "synonyms": [
      "Lipitor"
    ]
  },
  {
    "value": "Lisinopril",
    "synonyms": [
      "Lisinopril"
    ]
  },
  {
    "value": "Lithium",
    "synonyms": [
      "Lithium"
    ]
  },
  {
    "value": "Lomotil",
    "synonyms": [
      "Lomotil"
    ]
  },
  {
    "value": "Loperamide",
    "synonyms": [
      "Loperamide"
    ]
  },
  {
    "value": "Lopid",
    "synonyms": [
      "Lopid"
    ]
  },
  {
    "value": "Loratadine",
    "synonyms": [
      "Loratadine"
    ]
  },
  {
    "value": "Lorazepam",
    "synonyms": [
      "Lorazepam"
    ]
  },
  {
    "value": "Losartan",
    "synonyms": [
      "Losartan"
    ]
  },
  {
    "value": "Lovastatin",
    "synonyms": [
      "Lovastatin"
    ]
  },
  {
    "value": "Lovenox",
    "synonyms": [
      "Lovenox"
    ]
  },
  {
    "value": "Luvox",
    "synonyms": [
      "Luvox"
    ]
  },
  {
    "value": "Lyrica",
    "synonyms": [
      "Lyrica"
    ]
  },
  {
    "value": "Macrobid",
    "synonyms": [
      "Macrobid"
    ]
  },
  {
    "value": "Macrodantin",
    "synonyms": [
      "Macrodantin"
    ]
  },
  {
    "value": "Magnesium citrate",
    "synonyms": [
      "Magnesium citrate"
    ]
  },
  {
    "value": "Magnesium oxide",
    "synonyms": [
      "Magnesium oxide"
    ]
  },
  {
    "value": "Maxalt",
    "synonyms": [
      "Maxalt"
    ]
  },
  {
    "value": "Maxzide",
    "synonyms": [
      "Maxzide"
    ]
  },
  {
    "value": "Meclizine",
    "synonyms": [
      "Meclizine"
    ]
  },
  {
    "value": "Medrol",
    "synonyms": [
      "Medrol"
    ]
  },
  {
    "value": "Medrol Dosepak",
    "synonyms": [
      "Medrol Dosepak"
    ]
  },
  {
    "value": "Memantine",
    "synonyms": [
      "Memantine"
    ]
  },
  {
    "value": "Mesalamine",
    "synonyms": [
      "Mesalamine"
    ]
  },
  {
    "value": "Metamucil",
    "synonyms": [
      "Metamucil"
    ]
  },
  {
    "value": "Metformin",
    "synonyms": [
      "Metformin"
    ]
  },
  {
    "value": "Methadone",
    "synonyms": [
      "Methadone"
    ]
  },
  {
    "value": "Methimazole",
    "synonyms": [
      "Methimazole"
    ]
  },
  {
    "value": "Methocarbamol",
    "synonyms": [
      "Methocarbamol"
    ]
  },
  {
    "value": "Methotrexate",
    "synonyms": [
      "Methotrexate"
    ]
  },
  {
    "value": "Methylphenidate",
    "synonyms": [
      "Methylphenidate"
    ]
  },
  {
    "value": "Methylprednisolone",
    "synonyms": [
      "Methylprednisolone"
    ]
  },
  {
    "value": "Metoclopramide",
    "synonyms": [
      "Metoclopramide"
    ]
  },
  {
    "value": "Metolazone",
    "synonyms": [
      "Metolazone"
    ]
  },
  {
    "value": "Metoprolol",
    "synonyms": [
      "Metoprolol"
    ]
  },
  {
    "value": "Metronidazole",
    "synonyms": [
      "Metronidazole"
    ]
  },
  {
    "value": "Midodrine",
    "synonyms": [
      "Midodrine"
    ]
  },
  {
    "value": "Minocycline",
    "synonyms": [
      "Minocycline"
    ]
  },
  {
    "value": "Mirtazapine",
    "synonyms": [
      "Mirtazapine"
    ]
  },
  {
    "value": "Mobic",
    "synonyms": [
      "Mobic"
    ]
  },
  {
    "value": "Modafinil",
    "synonyms": [
      "Modafinil"
    ]
  },
  {
    "value": "Montelukast",
    "synonyms": [
      "Montelukast"
    ]
  },
  {
    "value": "Morphine",
    "synonyms": [
      "Morphine"
    ]
  },
  {
    "value": "Motrin",
    "synonyms": [
      "Motrin"
    ]
  },
  {
    "value": "Mucinex",
    "synonyms": [
      "Mucinex"
    ]
  },
  {
    "value": "Multaq",
    "synonyms": [
      "Multaq"
    ]
  },
  {
    "value": "Mupirocin topical",
    "synonyms": [
      "Mupirocin topical"
    ]
  },
  {
    "value": "Myrbetriq",
    "synonyms": [
      "Myrbetriq"
    ]
  },
  {
    "value": "Nabumetone",
    "synonyms": [
      "Nabumetone"
    ]
  },
  {
    "value": "Nadolol",
    "synonyms": [
      "Nadolol"
    ]
  },
  {
    "value": "Naloxone",
    "synonyms": [
      "Naloxone"
    ]
  },
  {
    "value": "Naltrexone",
    "synonyms": [
      "Naltrexone"
    ]
  },
  {
    "value": "Namenda",
    "synonyms": [
      "Namenda"
    ]
  },
  {
    "value": "Namzaric",
    "synonyms": [
      "Namzaric"
    ]
  },
  {
    "value": "Naprosyn",
    "synonyms": [
      "Naprosyn"
    ]
  },
  {
    "value": "Naproxen",
    "synonyms": [
      "Naproxen"
    ]
  },
  {
    "value": "Nardil",
    "synonyms": [
      "Nardil"
    ]
  },
  {
    "value": "Nasonex",
    "synonyms": [
      "Nasonex"
    ]
  },
  {
    "value": "Nature-Throid",
    "synonyms": [
      "Nature-Throid"
    ]
  },
  {
    "value": "Nebivolol",
    "synonyms": [
      "Nebivolol"
    ]
  },
  {
    "value": "Neomycin",
    "synonyms": [
      "Neomycin"
    ]
  },
  {
    "value": "Neulasta",
    "synonyms": [
      "Neulasta"
    ]
  },
  {
    "value": "Neurontin",
    "synonyms": [
      "Neurontin"
    ]
  },
  {
    "value": "Nexium",
    "synonyms": [
      "Nexium"
    ]
  },
  {
    "value": "Nexplanon",
    "synonyms": [
      "Nexplanon"
    ]
  },
  {
    "value": "Niacin",
    "synonyms": [
      "Niacin"
    ]
  },
  {
    "value": "Niaspan",
    "synonyms": [
      "Niaspan"
    ]
  },
  {
    "value": "Nitrofurantoin",
    "synonyms": [
      "Nitrofurantoin"
    ]
  },
  {
    "value": "Nitrostat",
    "synonyms": [
      "Nitrostat"
    ]
  },
  {
    "value": "Norco",
    "synonyms": [
      "Norco"
    ]
  },
  {
    "value": "Norepinephrine",
    "synonyms": [
      "Norepinephrine"
    ]
  },
  {
    "value": "Norethindrone",
    "synonyms": [
      "Norethindrone"
    ]
  },
  {
    "value": "Norflex",
    "synonyms": [
      "Norflex"
    ]
  },
  {
    "value": "Nortriptyline",
    "synonyms": [
      "Nortriptyline"
    ]
  },
  {
    "value": "Norvasc",
    "synonyms": [
      "Norvasc"
    ]
  },
  {
    "value": "Norvir",
    "synonyms": [
      "Norvir"
    ]
  },
  {
    "value": "Novolin N",
    "synonyms": [
      "Novolin N"
    ]
  },
  {
    "value": "NovoLog",
    "synonyms": [
      "NovoLog"
    ]
  },
  {
    "value": "Nucynta",
    "synonyms": [
      "Nucynta"
    ]
  },
  {
    "value": "NuvaRing",
    "synonyms": [
      "NuvaRing"
    ]
  },
  {
    "value": "Nystatin",
    "synonyms": [
      "Nystatin"
    ]
  },
  {
    "value": "Nystatin and triamcinolone topical",
    "synonyms": [
      "Nystatin and triamcinolone topical"
    ]
  },
  {
    "value": "Ocrelizumab",
    "synonyms": [
      "Ocrelizumab"
    ]
  },
  {
    "value": "Ocrevus",
    "synonyms": [
      "Ocrevus"
    ]
  },
  {
    "value": "Octreotide",
    "synonyms": [
      "Octreotide"
    ]
  },
  {
    "value": "Ofloxacin",
    "synonyms": [
      "Ofloxacin"
    ]
  },
  {
    "value": "Ofloxacin ophthalmic",
    "synonyms": [
      "Ofloxacin ophthalmic"
    ]
  },
  {
    "value": "Ofloxacin otic",
    "synonyms": [
      "Ofloxacin otic"
    ]
  },
  {
    "value": "Olanzapine",
    "synonyms": [
      "Olanzapine"
    ]
  },
  {
    "value": "Olmesartan",
    "synonyms": [
      "Olmesartan"
    ]
  },
  {
    "value": "Olopatadine nasal",
    "synonyms": [
      "Olopatadine nasal"
    ]
  },
  {
    "value": "Omalizumab",
    "synonyms": [
      "Omalizumab"
    ]
  },
  {
    "value": "Omega-3 polyunsaturated fatty acids",
    "synonyms": [
      "Omega-3 polyunsaturated fatty acids"
    ]
  },
  {
    "value": "Omeprazole",
    "synonyms": [
      "Omeprazole"
    ]
  },
  {
    "value": "Omnicef",
    "synonyms": [
      "Omnicef"
    ]
  },
  {
    "value": "Ondansetron",
    "synonyms": [
      "Ondansetron"
    ]
  },
  {
    "value": "Onglyza",
    "synonyms": [
      "Onglyza"
    ]
  },
  {
    "value": "Opdivo",
    "synonyms": [
      "Opdivo"
    ]
  },
  {
    "value": "Opsumit",
    "synonyms": [
      "Opsumit"
    ]
  },
  {
    "value": "Orencia",
    "synonyms": [
      "Orencia"
    ]
  },
  {
    "value": "Orlistat",
    "synonyms": [
      "Orlistat"
    ]
  },
  {
    "value": "Orphenadrine",
    "synonyms": [
      "Orphenadrine"
    ]
  },
  {
    "value": "Ortho Tri-Cyclen",
    "synonyms": [
      "Ortho Tri-Cyclen"
    ]
  },
  {
    "value": "Oseltamivir",
    "synonyms": [
      "Oseltamivir"
    ]
  },
  {
    "value": "Osteo Bi-Flex",
    "synonyms": [
      "Osteo Bi-Flex"
    ]
  },
  {
    "value": "Otezla",
    "synonyms": [
      "Otezla"
    ]
  },
  {
    "value": "Oxandrolone",
    "synonyms": [
      "Oxandrolone"
    ]
  },
  {
    "value": "Oxazepam",
    "synonyms": [
      "Oxazepam"
    ]
  },
  {
    "value": "Oxcarbazepine",
    "synonyms": [
      "Oxcarbazepine"
    ]
  },
  {
    "value": "Oxybutynin",
    "synonyms": [
      "Oxybutynin"
    ]
  },
  {
    "value": "Oxycodone",
    "synonyms": [
      "Oxycodone"
    ]
  },
  {
    "value": "Oxycontin",
    "synonyms": [
      "Oxycontin"
    ]
  },
  {
    "value": "Oxymetazoline nasal",
    "synonyms": [
      "Oxymetazoline nasal"
    ]
  },
  {
    "value": "Oxymorphone",
    "synonyms": [
      "Oxymorphone"
    ]
  },
  {
    "value": "Oxytocin",
    "synonyms": [
      "Oxytocin"
    ]
  },
  {
    "value": "Ozempic",
    "synonyms": [
      "Ozempic"
    ]
  },
  {
    "value": "Pantoprazole",
    "synonyms": [
      "Pantoprazole"
    ]
  },
  {
    "value": "Paracetamol",
    "synonyms": [
      "Paracetamol"
    ]
  },
  {
    "value": "Paroxetine",
    "synonyms": [
      "Paroxetine"
    ]
  },
  {
    "value": "Paxil",
    "synonyms": [
      "Paxil"
    ]
  },
  {
    "value": "Pepcid",
    "synonyms": [
      "Pepcid"
    ]
  },
  {
    "value": "Percocet",
    "synonyms": [
      "Percocet"
    ]
  },
  {
    "value": "Phenergan",
    "synonyms": [
      "Phenergan"
    ]
  },
  {
    "value": "Phenobarbital",
    "synonyms": [
      "Phenobarbital"
    ]
  },
  {
    "value": "Phentermine",
    "synonyms": [
      "Phentermine"
    ]
  },
  {
    "value": "Phenytoin",
    "synonyms": [
      "Phenytoin"
    ]
  },
  {
    "value": "Pioglitazone",
    "synonyms": [
      "Pioglitazone"
    ]
  },
  {
    "value": "Plaquenil",
    "synonyms": [
      "Plaquenil"
    ]
  },
  {
    "value": "Plavix",
    "synonyms": [
      "Plavix"
    ]
  },
  {
    "value": "Polyethylene glycol 3350",
    "synonyms": [
      "Polyethylene glycol 3350"
    ]
  },
  {
    "value": "Potassium Chloride",
    "synonyms": [
      "Potassium Chloride"
    ]
  },
  {
    "value": "Pradaxa",
    "synonyms": [
      "Pradaxa"
    ]
  },
  {
    "value": "Pramipexole",
    "synonyms": [
      "Pramipexole"
    ]
  },
  {
    "value": "Pravachol",
    "synonyms": [
      "Pravachol"
    ]
  },
  {
    "value": "Pravastatin",
    "synonyms": [
      "Pravastatin"
    ]
  },
  {
    "value": "Prazosin",
    "synonyms": [
      "Prazosin"
    ]
  },
  {
    "value": "Prednisolone",
    "synonyms": [
      "Prednisolone"
    ]
  },
  {
    "value": "Prednisone",
    "synonyms": [
      "Prednisone"
    ]
  },
  {
    "value": "Pregabalin",
    "synonyms": [
      "Pregabalin"
    ]
  },
  {
    "value": "Prevacid",
    "synonyms": [
      "Prevacid"
    ]
  },
  {
    "value": "Prilosec",
    "synonyms": [
      "Prilosec"
    ]
  },
  {
    "value": "Primidone",
    "synonyms": [
      "Primidone"
    ]
  },
  {
    "value": "ProAir HFA",
    "synonyms": [
      "ProAir HFA"
    ]
  },
  {
    "value": "Procardia",
    "synonyms": [
      "Procardia"
    ]
  },
  {
    "value": "Procrit",
    "synonyms": [
      "Procrit"
    ]
  },
  {
    "value": "Prolia",
    "synonyms": [
      "Prolia"
    ]
  },
  {
    "value": "Promethazine",
    "synonyms": [
      "Promethazine"
    ]
  },
  {
    "value": "Propranolol",
    "synonyms": [
      "Propranolol"
    ]
  },
  {
    "value": "Proscar",
    "synonyms": [
      "Proscar"
    ]
  },
  {
    "value": "Protonix",
    "synonyms": [
      "Protonix"
    ]
  },
  {
    "value": "Provigil",
    "synonyms": [
      "Provigil"
    ]
  },
  {
    "value": "Prozac",
    "synonyms": [
      "Prozac"
    ]
  },
  {
    "value": "Pyridium",
    "synonyms": [
      "Pyridium"
    ]
  },
  {
    "value": "Qbrelis",
    "synonyms": [
      "Qbrelis"
    ]
  },
  {
    "value": "Qdolo",
    "synonyms": [
      "Qdolo"
    ]
  },
  {
    "value": "Qinlock",
    "synonyms": [
      "Qinlock"
    ]
  },
  {
    "value": "QNASL",
    "synonyms": [
      "QNASL"
    ]
  },
  {
    "value": "Qsymia",
    "synonyms": [
      "Qsymia"
    ]
  },
  {
    "value": "Qtern",
    "synonyms": [
      "Qtern"
    ]
  },
  {
    "value": "Qualaquin",
    "synonyms": [
      "Qualaquin"
    ]
  },
  {
    "value": "Questran",
    "synonyms": [
      "Questran"
    ]
  },
  {
    "value": "Quetiapine",
    "synonyms": [
      "Quetiapine"
    ]
  },
  {
    "value": "QuilliChew ER",
    "synonyms": [
      "QuilliChew ER"
    ]
  },
  {
    "value": "Quillivant XR",
    "synonyms": [
      "Quillivant XR"
    ]
  },
  {
    "value": "Quinapril",
    "synonyms": [
      "Quinapril"
    ]
  },
  {
    "value": "Quinidine",
    "synonyms": [
      "Quinidine"
    ]
  },
  {
    "value": "Quinine",
    "synonyms": [
      "Quinine"
    ]
  },
  {
    "value": "Qvar",
    "synonyms": [
      "Qvar"
    ]
  },
  {
    "value": "Qvar Redihaler",
    "synonyms": [
      "Qvar Redihaler"
    ]
  },
  {
    "value": "Rabeprazole",
    "synonyms": [
      "Rabeprazole"
    ]
  },
  {
    "value": "Raloxifene",
    "synonyms": [
      "Raloxifene"
    ]
  },
  {
    "value": "Ramipril",
    "synonyms": [
      "Ramipril"
    ]
  },
  {
    "value": "Ranexa",
    "synonyms": [
      "Ranexa"
    ]
  },
  {
    "value": "Ranitidine",
    "synonyms": [
      "Ranitidine"
    ]
  },
  {
    "value": "Ranolazine",
    "synonyms": [
      "Ranolazine"
    ]
  },
  {
    "value": "Rapaflo",
    "synonyms": [
      "Rapaflo"
    ]
  },
  {
    "value": "Reclast",
    "synonyms": [
      "Reclast"
    ]
  },
  {
    "value": "Reglan",
    "synonyms": [
      "Reglan"
    ]
  },
  {
    "value": "Relistor",
    "synonyms": [
      "Relistor"
    ]
  },
  {
    "value": "Remdesivir",
    "synonyms": [
      "Remdesivir"
    ]
  },
  {
    "value": "Remeron",
    "synonyms": [
      "Remeron"
    ]
  },
  {
    "value": "Remicade",
    "synonyms": [
      "Remicade"
    ]
  },
  {
    "value": "Renvela",
    "synonyms": [
      "Renvela"
    ]
  },
  {
    "value": "Repaglinide",
    "synonyms": [
      "Repaglinide"
    ]
  },
  {
    "value": "Repatha",
    "synonyms": [
      "Repatha"
    ]
  },
  {
    "value": "Requip",
    "synonyms": [
      "Requip"
    ]
  },
  {
    "value": "Restasis",
    "synonyms": [
      "Restasis"
    ]
  },
  {
    "value": "Restoril",
    "synonyms": [
      "Restoril"
    ]
  },
  {
    "value": "Revlimid",
    "synonyms": [
      "Revlimid"
    ]
  },
  {
    "value": "Rexulti",
    "synonyms": [
      "Rexulti"
    ]
  },
  {
    "value": "Rhopressa",
    "synonyms": [
      "Rhopressa"
    ]
  },
  {
    "value": "Rifampin",
    "synonyms": [
      "Rifampin"
    ]
  },
  {
    "value": "Rifaximin",
    "synonyms": [
      "Rifaximin"
    ]
  },
  {
    "value": "Riluzole",
    "synonyms": [
      "Riluzole"
    ]
  },
  {
    "value": "Risedronate",
    "synonyms": [
      "Risedronate"
    ]
  },
  {
    "value": "Risperdal",
    "synonyms": [
      "Risperdal"
    ]
  },
  {
    "value": "Risperidone",
    "synonyms": [
      "Risperidone"
    ]
  },
  {
    "value": "Ritalin",
    "synonyms": [
      "Ritalin"
    ]
  },
  {
    "value": "Rituxan",
    "synonyms": [
      "Rituxan"
    ]
  },
  {
    "value": "Rituximab",
    "synonyms": [
      "Rituximab"
    ]
  },
  {
    "value": "Rivaroxaban",
    "synonyms": [
      "Rivaroxaban"
    ]
  },
  {
    "value": "Rivastigmine",
    "synonyms": [
      "Rivastigmine"
    ]
  },
  {
    "value": "Rizatriptan",
    "synonyms": [
      "Rizatriptan"
    ]
  },
  {
    "value": "Robaxin",
    "synonyms": [
      "Robaxin"
    ]
  },
  {
    "value": "Rocephin",
    "synonyms": [
      "Rocephin"
    ]
  },
  {
    "value": "Ropinirole",
    "synonyms": [
      "Ropinirole"
    ]
  },
  {
    "value": "Rosuvastatin",
    "synonyms": [
      "Rosuvastatin"
    ]
  },
  {
    "value": "Rybelsus",
    "synonyms": [
      "Rybelsus"
    ]
  },
  {
    "value": "Saw Palmetto",
    "synonyms": [
      "Saw Palmetto"
    ]
  },
  {
    "value": "Saxenda",
    "synonyms": [
      "Saxenda"
    ]
  },
  {
    "value": "Senna",
    "synonyms": [
      "Senna"
    ]
  },
  {
    "value": "Senokot",
    "synonyms": [
      "Senokot"
    ]
  },
  {
    "value": "Sensipar",
    "synonyms": [
      "Sensipar"
    ]
  },
  {
    "value": "Seroquel",
    "synonyms": [
      "Seroquel"
    ]
  },
  {
    "value": "Sertraline",
    "synonyms": [
      "Sertraline"
    ]
  },
  {
    "value": "Sevelamer",
    "synonyms": [
      "Sevelamer"
    ]
  },
  {
    "value": "Shingrix",
    "synonyms": [
      "Shingrix"
    ]
  },
  {
    "value": "Sildenafil",
    "synonyms": [
      "Sildenafil"
    ]
  },
  {
    "value": "Simethicone",
    "synonyms": [
      "Simethicone"
    ]
  },
  {
    "value": "Simponi",
    "synonyms": [
      "Simponi"
    ]
  },
  {
    "value": "Simvastatin",
    "synonyms": [
      "Simvastatin"
    ]
  },
  {
    "value": "Sinemet",
    "synonyms": [
      "Sinemet"
    ]
  },
  {
    "value": "Singulair",
    "synonyms": [
      "Singulair"
    ]
  },
  {
    "value": "Sitagliptin",
    "synonyms": [
      "Sitagliptin"
    ]
  },
  {
    "value": "Skelaxin",
    "synonyms": [
      "Skelaxin"
    ]
  },
  {
    "value": "Sodium bicarbonate",
    "synonyms": [
      "Sodium bicarbonate"
    ]
  },
  {
    "value": "Solifenacin",
    "synonyms": [
      "Solifenacin"
    ]
  },
  {
    "value": "Soma",
    "synonyms": [
      "Soma"
    ]
  },
  {
    "value": "Sonata",
    "synonyms": [
      "Sonata"
    ]
  },
  {
    "value": "Sotalol",
    "synonyms": [
      "Sotalol"
    ]
  },
  {
    "value": "Spiriva",
    "synonyms": [
      "Spiriva"
    ]
  },
  {
    "value": "Spiriva Respimat",
    "synonyms": [
      "Spiriva Respimat"
    ]
  },
  {
    "value": "Spironolactone",
    "synonyms": [
      "Spironolactone"
    ]
  },
  {
    "value": "Sprintec",
    "synonyms": [
      "Sprintec"
    ]
  },
  {
    "value": "Stelara",
    "synonyms": [
      "Stelara"
    ]
  },
  {
    "value": "Stiolto Respimat",
    "synonyms": [
      "Stiolto Respimat"
    ]
  },
  {
    "value": "Strattera",
    "synonyms": [
      "Strattera"
    ]
  },
  {
    "value": "Suboxone",
    "synonyms": [
      "Suboxone"
    ]
  },
  {
    "value": "Sucralfate",
    "synonyms": [
      "Sucralfate"
    ]
  },
  {
    "value": "Sulfacetamide ophthalmic",
    "synonyms": [
      "Sulfacetamide ophthalmic"
    ]
  },
  {
    "value": "Sulfamethoxazole and trimethoprim",
    "synonyms": [
      "Sulfamethoxazole and trimethoprim"
    ]
  },
  {
    "value": "Sulfasalazine",
    "synonyms": [
      "Sulfasalazine"
    ]
  },
  {
    "value": "Symbicort",
    "synonyms": [
      "Symbicort"
    ]
  },
  {
    "value": "Synthroid",
    "synonyms": [
      "Synthroid"
    ]
  },
  {
    "value": "Tacrolimus",
    "synonyms": [
      "Tacrolimus"
    ]
  },
  {
    "value": "Tadalafil",
    "synonyms": [
      "Tadalafil"
    ]
  },
  {
    "value": "Tamoxifen",
    "synonyms": [
      "Tamoxifen"
    ]
  },
  {
    "value": "Tamsulosin",
    "synonyms": [
      "Tamsulosin"
    ]
  },
  {
    "value": "Tegretol",
    "synonyms": [
      "Tegretol"
    ]
  },
  {
    "value": "Telmisartan",
    "synonyms": [
      "Telmisartan"
    ]
  },
  {
    "value": "Temazepam",
    "synonyms": [
      "Temazepam"
    ]
  },
  {
    "value": "Terazosin",
    "synonyms": [
      "Terazosin"
    ]
  },
  {
    "value": "Terbinafine",
    "synonyms": [
      "Terbinafine"
    ]
  },
  {
    "value": "Testosterone",
    "synonyms": [
      "Testosterone"
    ]
  },
  {
    "value": "Theophylline",
    "synonyms": [
      "Theophylline"
    ]
  },
  {
    "value": "Thiamine",
    "synonyms": [
      "Thiamine"
    ]
  },
  {
    "value": "Timolol",
    "synonyms": [
      "Timolol"
    ]
  },
  {
    "value": "Tizanidine",
    "synonyms": [
      "Tizanidine"
    ]
  },
  {
    "value": "Tolterodine",
    "synonyms": [
      "Tolterodine"
    ]
  },
  {
    "value": "Topamax",
    "synonyms": [
      "Topamax"
    ]
  },
  {
    "value": "Topiramate",
    "synonyms": [
      "Topiramate"
    ]
  },
  {
    "value": "Toprol XL",
    "synonyms": [
      "Toprol XL"
    ]
  },
  {
    "value": "Toradol",
    "synonyms": [
      "Toradol"
    ]
  },
  {
    "value": "Torsemide",
    "synonyms": [
      "Torsemide"
    ]
  },
  {
    "value": "Toviaz",
    "synonyms": [
      "Toviaz"
    ]
  },
  {
    "value": "Tradjenta",
    "synonyms": [
      "Tradjenta"
    ]
  },
  {
    "value": "Tramadol",
    "synonyms": [
      "Tramadol"
    ]
  },
  {
    "value": "Trazodone",
    "synonyms": [
      "Trazodone"
    ]
  },
  {
    "value": "Trelegy Ellipta",
    "synonyms": [
      "Trelegy Ellipta"
    ]
  },
  {
    "value": "Tresiba",
    "synonyms": [
      "Tresiba"
    ]
  },
  {
    "value": "Tretinoin",
    "synonyms": [
      "Tretinoin"
    ]
  },
  {
    "value": "Triamcinolone",
    "synonyms": [
      "Triamcinolone"
    ]
  },
  {
    "value": "Triamterene",
    "synonyms": [
      "Triamterene"
    ]
  },
  {
    "value": "Trileptal",
    "synonyms": [
      "Trileptal"
    ]
  },
  {
    "value": "Trintellix",
    "synonyms": [
      "Trintellix"
    ]
  },
  {
    "value": "Truvada",
    "synonyms": [
      "Truvada"
    ]
  },
  {
    "value": "Turmeric",
    "synonyms": [
      "Turmeric"
    ]
  },
  {
    "value": "Tylenol",
    "synonyms": [
      "Tylenol"
    ]
  },
  {
    "value": "Ubrelvy",
    "synonyms": [
      "Ubrelvy"
    ]
  },
  {
    "value": "Ubrogepant",
    "synonyms": [
      "Ubrogepant"
    ]
  },
  {
    "value": "Uceris",
    "synonyms": [
      "Uceris"
    ]
  },
  {
    "value": "Udenyca",
    "synonyms": [
      "Udenyca"
    ]
  },
  {
    "value": "Ulipristal",
    "synonyms": [
      "Ulipristal"
    ]
  },
  {
    "value": "Uloric",
    "synonyms": [
      "Uloric"
    ]
  },
  {
    "value": "Ultracet",
    "synonyms": [
      "Ultracet"
    ]
  },
  {
    "value": "Ultram",
    "synonyms": [
      "Ultram"
    ]
  },
  {
    "value": "Ultravate",
    "synonyms": [
      "Ultravate"
    ]
  },
  {
    "value": "Umeclidinium",
    "synonyms": [
      "Umeclidinium"
    ]
  },
  {
    "value": "Umeclidinium and vilanterol",
    "synonyms": [
      "Umeclidinium and vilanterol"
    ]
  },
  {
    "value": "Unasyn",
    "synonyms": [
      "Unasyn"
    ]
  },
  {
    "value": "Unisom",
    "synonyms": [
      "Unisom"
    ]
  },
  {
    "value": "Upadacitinib",
    "synonyms": [
      "Upadacitinib"
    ]
  },
  {
    "value": "Uplizna",
    "synonyms": [
      "Uplizna"
    ]
  },
  {
    "value": "Uptravi",
    "synonyms": [
      "Uptravi"
    ]
  },
  {
    "value": "Urecholine",
    "synonyms": [
      "Urecholine"
    ]
  },
  {
    "value": "Uribel",
    "synonyms": [
      "Uribel"
    ]
  },
  {
    "value": "Uricalm",
    "synonyms": [
      "Uricalm"
    ]
  },
  {
    "value": "Urispas",
    "synonyms": [
      "Urispas"
    ]
  },
  {
    "value": "Urocit-K",
    "synonyms": [
      "Urocit-K"
    ]
  },
  {
    "value": "Uro-Mag",
    "synonyms": [
      "Uro-Mag"
    ]
  },
  {
    "value": "Uroxatral",
    "synonyms": [
      "Uroxatral"
    ]
  },
  {
    "value": "Urso",
    "synonyms": [
      "Urso"
    ]
  },
  {
    "value": "Ursodiol",
    "synonyms": [
      "Ursodiol"
    ]
  },
  {
    "value": "Ustekinumab",
    "synonyms": [
      "Ustekinumab"
    ]
  },
  {
    "value": "Valacyclovir",
    "synonyms": [
      "Valacyclovir"
    ]
  },
  {
    "value": "Valium",
    "synonyms": [
      "Valium"
    ]
  },
  {
    "value": "Valproic acid",
    "synonyms": [
      "Valproic acid"
    ]
  },
  {
    "value": "Valsartan",
    "synonyms": [
      "Valsartan"
    ]
  },
  {
    "value": "Valtrex",
    "synonyms": [
      "Valtrex"
    ]
  },
  {
    "value": "Vancomycin",
    "synonyms": [
      "Vancomycin"
    ]
  },
  {
    "value": "Varenicline",
    "synonyms": [
      "Varenicline"
    ]
  },
  {
    "value": "Vascepa",
    "synonyms": [
      "Vascepa"
    ]
  },
  {
    "value": "Vasotec",
    "synonyms": [
      "Vasotec"
    ]
  },
  {
    "value": "Velcade",
    "synonyms": [
      "Velcade"
    ]
  },
  {
    "value": "Velphoro",
    "synonyms": [
      "Velphoro"
    ]
  },
  {
    "value": "Venclexta",
    "synonyms": [
      "Venclexta"
    ]
  },
  {
    "value": "Venlafaxine",
    "synonyms": [
      "Venlafaxine"
    ]
  },
  {
    "value": "Ventolin HFA",
    "synonyms": [
      "Ventolin HFA"
    ]
  },
  {
    "value": "Verapamil",
    "synonyms": [
      "Verapamil"
    ]
  },
  {
    "value": "Versed",
    "synonyms": [
      "Versed"
    ]
  },
  {
    "value": "VESIcare",
    "synonyms": [
      "VESIcare"
    ]
  },
  {
    "value": "Viagra",
    "synonyms": [
      "Viagra"
    ]
  },
  {
    "value": "Vicodin",
    "synonyms": [
      "Vicodin"
    ]
  },
  {
    "value": "Victoza",
    "synonyms": [
      "Victoza"
    ]
  },
  {
    "value": "Viibryd",
    "synonyms": [
      "Viibryd"
    ]
  },
  {
    "value": "Vilazodone",
    "synonyms": [
      "Vilazodone"
    ]
  },
  {
    "value": "Vimovo",
    "synonyms": [
      "Vimovo"
    ]
  },
  {
    "value": "Vimpat",
    "synonyms": [
      "Vimpat"
    ]
  },
  {
    "value": "Vincristine",
    "synonyms": [
      "Vincristine"
    ]
  },
  {
    "value": "Vistaril",
    "synonyms": [
      "Vistaril"
    ]
  },
  {
    "value": "Vitamin C",
    "synonyms": [
      "Vitamin C"
    ]
  },
  {
    "value": "Vitamin D2",
    "synonyms": [
      "Vitamin D2"
    ]
  },
  {
    "value": "Vitamin D3",
    "synonyms": [
      "Vitamin D3"
    ]
  },
  {
    "value": "Vitamin E",
    "synonyms": [
      "Vitamin E"
    ]
  },
  {
    "value": "Vivitrol",
    "synonyms": [
      "Vivitrol"
    ]
  },
  {
    "value": "Voltaren",
    "synonyms": [
      "Voltaren"
    ]
  },
  {
    "value": "Voltaren Gel",
    "synonyms": [
      "Voltaren Gel"
    ]
  },
  {
    "value": "Vortioxetine",
    "synonyms": [
      "Vortioxetine"
    ]
  },
  {
    "value": "Vraylar",
    "synonyms": [
      "Vraylar"
    ]
  },
  {
    "value": "Vytorin",
    "synonyms": [
      "Vytorin"
    ]
  },
  {
    "value": "Vyvanse",
    "synonyms": [
      "Vyvanse"
    ]
  },
  {
    "value": "Wakix",
    "synonyms": [
      "Wakix"
    ]
  },
  {
    "value": "Wal-itin",
    "synonyms": [
      "Wal-itin"
    ]
  },
  {
    "value": "Warfarin",
    "synonyms": [
      "Warfarin"
    ]
  },
  {
    "value": "Wart Remover",
    "synonyms": [
      "Wart Remover"
    ]
  },
  {
    "value": "Welchol",
    "synonyms": [
      "Welchol"
    ]
  },
  {
    "value": "Wellbaby DHA",
    "synonyms": [
      "Wellbaby DHA"
    ]
  },
  {
    "value": "Wellbutrin",
    "synonyms": [
      "Wellbutrin"
    ]
  },
  {
    "value": "Wellbutrin SR",
    "synonyms": [
      "Wellbutrin SR"
    ]
  },
  {
    "value": "Wellbutrin XL",
    "synonyms": [
      "Wellbutrin XL"
    ]
  },
  {
    "value": "Westhroid",
    "synonyms": [
      "Westhroid"
    ]
  },
  {
    "value": "Wilate",
    "synonyms": [
      "Wilate"
    ]
  },
  {
    "value": "Winlevi",
    "synonyms": [
      "Winlevi"
    ]
  },
  {
    "value": "Witch hazel topical",
    "synonyms": [
      "Witch hazel topical"
    ]
  },
  {
    "value": "WP Thyroid",
    "synonyms": [
      "WP Thyroid"
    ]
  },
  {
    "value": "Xadago",
    "synonyms": [
      "Xadago"
    ]
  },
  {
    "value": "Xalatan",
    "synonyms": [
      "Xalatan"
    ]
  },
  {
    "value": "Xanax",
    "synonyms": [
      "Xanax"
    ]
  },
  {
    "value": "Xanax XR",
    "synonyms": [
      "Xanax XR"
    ]
  },
  {
    "value": "XaQuil XR",
    "synonyms": [
      "XaQuil XR"
    ]
  },
  {
    "value": "Xarelto",
    "synonyms": [
      "Xarelto"
    ]
  },
  {
    "value": "Xatmep",
    "synonyms": [
      "Xatmep"
    ]
  },
  {
    "value": "Xcopri",
    "synonyms": [
      "Xcopri"
    ]
  },
  {
    "value": "Xeljanz",
    "synonyms": [
      "Xeljanz"
    ]
  },
  {
    "value": "Xeljanz XR",
    "synonyms": [
      "Xeljanz XR"
    ]
  },
  {
    "value": "Xeloda",
    "synonyms": [
      "Xeloda"
    ]
  },
  {
    "value": "Xenazine",
    "synonyms": [
      "Xenazine"
    ]
  },
  {
    "value": "Xenical",
    "synonyms": [
      "Xenical"
    ]
  },
  {
    "value": "Xeomin",
    "synonyms": [
      "Xeomin"
    ]
  },
  {
    "value": "Xepi",
    "synonyms": [
      "Xepi"
    ]
  },
  {
    "value": "Xerava",
    "synonyms": [
      "Xerava"
    ]
  },
  {
    "value": "Xgeva",
    "synonyms": [
      "Xgeva"
    ]
  },
  {
    "value": "Xiaflex",
    "synonyms": [
      "Xiaflex"
    ]
  },
  {
    "value": "Xifaxan",
    "synonyms": [
      "Xifaxan"
    ]
  },
  {
    "value": "Xigduo XR",
    "synonyms": [
      "Xigduo XR"
    ]
  },
  {
    "value": "Xiidra",
    "synonyms": [
      "Xiidra"
    ]
  },
  {
    "value": "Ximino",
    "synonyms": [
      "Ximino"
    ]
  },
  {
    "value": "Xofluza",
    "synonyms": [
      "Xofluza"
    ]
  },
  {
    "value": "Xolair",
    "synonyms": [
      "Xolair"
    ]
  },
  {
    "value": "Xopenex",
    "synonyms": [
      "Xopenex"
    ]
  },
  {
    "value": "Xopenex HFA",
    "synonyms": [
      "Xopenex HFA"
    ]
  },
  {
    "value": "Xtampza ER",
    "synonyms": [
      "Xtampza ER"
    ]
  },
  {
    "value": "Xtandi",
    "synonyms": [
      "Xtandi"
    ]
  },
  {
    "value": "Xultophy",
    "synonyms": [
      "Xultophy"
    ]
  },
  {
    "value": "Xylometazoline nasal",
    "synonyms": [
      "Xylometazoline nasal"
    ]
  },
  {
    "value": "Xyrem",
    "synonyms": [
      "Xyrem"
    ]
  },
  {
    "value": "Xywav",
    "synonyms": [
      "Xywav"
    ]
  },
  {
    "value": "Xyzal",
    "synonyms": [
      "Xyzal"
    ]
  },
  {
    "value": "Yasmin",
    "synonyms": [
      "Yasmin"
    ]
  },
  {
    "value": "Yaz",
    "synonyms": [
      "Yaz"
    ]
  },
  {
    "value": "Yervoy",
    "synonyms": [
      "Yervoy"
    ]
  },
  {
    "value": "Yescarta",
    "synonyms": [
      "Yescarta"
    ]
  },
  {
    "value": "YF-Vax",
    "synonyms": [
      "YF-Vax"
    ]
  },
  {
    "value": "Yosprala",
    "synonyms": [
      "Yosprala"
    ]
  },
  {
    "value": "Yupelri",
    "synonyms": [
      "Yupelri"
    ]
  },
  {
    "value": "Zaditor",
    "synonyms": [
      "Zaditor"
    ]
  },
  {
    "value": "Zaleplon",
    "synonyms": [
      "Zaleplon"
    ]
  },
  {
    "value": "Zanaflex",
    "synonyms": [
      "Zanaflex"
    ]
  },
  {
    "value": "Zantac",
    "synonyms": [
      "Zantac"
    ]
  },
  {
    "value": "Zenpep",
    "synonyms": [
      "Zenpep"
    ]
  },
  {
    "value": "Zestoretic",
    "synonyms": [
      "Zestoretic"
    ]
  },
  {
    "value": "Zestril",
    "synonyms": [
      "Zestril"
    ]
  },
  {
    "value": "Zetia",
    "synonyms": [
      "Zetia"
    ]
  },
  {
    "value": "Ziac",
    "synonyms": [
      "Ziac"
    ]
  },
  {
    "value": "Zinc",
    "synonyms": [
      "Zinc"
    ]
  },
  {
    "value": "Zinc gluconate",
    "synonyms": [
      "Zinc gluconate"
    ]
  },
  {
    "value": "Zinc sulfate",
    "synonyms": [
      "Zinc sulfate"
    ]
  },
  {
    "value": "Zioptan",
    "synonyms": [
      "Zioptan"
    ]
  },
  {
    "value": "Ziprasidone",
    "synonyms": [
      "Ziprasidone"
    ]
  },
  {
    "value": "Zithromax",
    "synonyms": [
      "Zithromax"
    ]
  },
  {
    "value": "Zocor",
    "synonyms": [
      "Zocor"
    ]
  },
  {
    "value": "Zofran",
    "synonyms": [
      "Zofran"
    ]
  },
  {
    "value": "Zoledronic acid",
    "synonyms": [
      "Zoledronic acid"
    ]
  },
  {
    "value": "Zolmitriptan",
    "synonyms": [
      "Zolmitriptan"
    ]
  },
  {
    "value": "Zoloft",
    "synonyms": [
      "Zoloft"
    ]
  },
  {
    "value": "Zolpidem",
    "synonyms": [
      "Zolpidem"
    ]
  },
  {
    "value": "Zometa",
    "synonyms": [
      "Zometa"
    ]
  },
  {
    "value": "Zomig",
    "synonyms": [
      "Zomig"
    ]
  },
  {
    "value": "Zonegran",
    "synonyms": [
      "Zonegran"
    ]
  },
  {
    "value": "Zonisamide",
    "synonyms": [
      "Zonisamide"
    ]
  },
  {
    "value": "Zorvolex",
    "synonyms": [
      "Zorvolex"
    ]
  },
  {
    "value": "Zostavax",
    "synonyms": [
      "Zostavax"
    ]
  },
  {
    "value": "Zosyn",
    "synonyms": [
      "Zosyn"
    ]
  },
  {
    "value": "Zovirax",
    "synonyms": [
      "Zovirax"
    ]
  },
  {
    "value": "Zubsolv",
    "synonyms": [
      "Zubsolv"
    ]
  },
  {
    "value": "Zyloprim",
    "synonyms": [
      "Zyloprim"
    ]
  },
  {
    "value": "Zyprexa",
    "synonyms": [
      "Zyprexa"
    ]
  },
  {
    "value": "Zyrtec",
    "synonyms": [
      "Zyrtec"
    ]
  },
  {
    "value": "Zyrtec-D",
    "synonyms": [
      "Zyrtec-D"
    ]
  },
  {
    "value": "Zytiga",
    "synonyms": [
      "Zytiga"
    ]
  },
  {
    "value": "Zyvox",
    "synonyms": [
      "Zyvox"
    ]
  },
  {
    "value": "ZzzQuil",
    "synonyms": [
      "ZzzQuil"
    ]
  }
]