[
  {
    "id": "82a442d7-5d81-4cc4-870f-8562b93d7aea",
    "data": [
      {
        "text": "quiz",
        "userDefined": false
      }
    ],
    "isTemplate": false,
    "count": 0,
    "lang": "en",
    "updated": 0
  },
  {
    "id": "9dbf4a59-2f31-4012-937a-b1d7fc941dbf",
    "data": [
      {
        "text": "start over",
        "userDefined": false
      }
    ],
    "isTemplate": false,
    "count": 0,
    "lang": "en",
    "updated": 0
  },
  {
    "id": "a63b9a24-4599-4a9b-8b83-f7e6be9839b0",
    "data": [
      {
        "text": "Start the quiz",
        "userDefined": false
      }
    ],
    "isTemplate": false,
    "count": 0,
    "lang": "en",
    "updated": 0
  }
]