[
  {
    "id": "d20262b1-39ff-438a-8d95-d038b8398f21",
    "data": [
      {
        "text": "I want to schedule with doctor ",
        "userDefined": false
      },
      {
        "text": "Alan",
        "meta": "@sys.person",
        "alias": "person",
        "userDefined": true
      },
      {
        "text": " at ",
        "userDefined": false
      },
      {
        "text": "3:45pm",
        "meta": "@sys.time",
        "alias": "time",
        "userDefined": true
      },
      {
        "text": " on ",
        "userDefined": false
      },
      {
        "text": "Mon",
        "meta": "@sys.date",
        "alias": "date",
        "userDefined": true
      }
    ],
    "isTemplate": false,
    "count": 0,
    "lang": "en",
    "updated": 0
  },
  {
    "id": "bb4b387d-1624-4015-bf40-6709eb89a709",
    "data": [
      {
        "text": "I would like to set an appointment at ",
        "userDefined": false
      },
      {
        "text": "3pm",
        "meta": "@sys.time",
        "alias": "time",
        "userDefined": true
      },
      {
        "text": " on ",
        "userDefined": false
      },
      {
        "text": "Monday",
        "meta": "@sys.date",
        "alias": "date",
        "userDefined": true
      },
      {
        "text": " with doctor ",
        "userDefined": false
      },
      {
        "text": "John Doe",
        "meta": "@sys.person",
        "alias": "person",
        "userDefined": true
      }
    ],
    "isTemplate": false,
    "count": 0,
    "lang": "en",
    "updated": 0
  },
  {
    "id": "3763621a-cd95-4093-b13f-5036175aa7f2",
    "data": [
      {
        "text": "Book an appointment with doctor on ",
        "userDefined": false
      },
      {
        "text": "Sat",
        "meta": "@sys.date",
        "alias": "date",
        "userDefined": true
      },
      {
        "text": " ",
        "userDefined": false
      },
      {
        "text": "4pm",
        "meta": "@sys.time",
        "alias": "time",
        "userDefined": true
      }
    ],
    "isTemplate": false,
    "count": 0,
    "lang": "en",
    "updated": 0
  },
  {
    "id": "bdb8c863-d211-455a-b997-0e04cafe9ad7",
    "data": [
      {
        "text": "Schedule an appointment on ",
        "userDefined": false
      },
      {
        "text": "Wednesday",
        "meta": "@sys.date",
        "alias": "date",
        "userDefined": true
      },
      {
        "text": " at ",
        "userDefined": false
      },
      {
        "text": "11:30am",
        "meta": "@sys.time",
        "alias": "time",
        "userDefined": true
      }
    ],
    "isTemplate": false,
    "count": 0,
    "lang": "en",
    "updated": 0
  },
  {
    "id": "2b91799d-0a9f-42c0-8f76-dc0694673a5b",
    "data": [
      {
        "text": "I would like to set an appointment at ",
        "userDefined": false
      },
      {
        "text": "3pm",
        "meta": "@sys.time",
        "alias": "time",
        "userDefined": true
      },
      {
        "text": " on ",
        "userDefined": false
      },
      {
        "text": "Tuesday",
        "meta": "@sys.date",
        "alias": "date",
        "userDefined": true
      }
    ],
    "isTemplate": false,
    "count": 0,
    "lang": "en",
    "updated": 0
  }
]