[
  {
    "id": "10d7b3d4-8e90-416b-9081-e29f666ee564",
    "data": [
      {
        "text": "Can you help me with diagnosis?",
        "userDefined": false
      }
    ],
    "isTemplate": false,
    "count": 0,
    "lang": "en",
    "updated": 0
  },
  {
    "id": "81222ade-4a0a-4367-8e46-4a922995db48",
    "data": [
      {
        "text": "Am I sick ?",
        "userDefined": false
      }
    ],
    "isTemplate": false,
    "count": 0,
    "lang": "en",
    "updated": 0
  },
  {
    "id": "66428b69-bbef-4801-a397-dbcb86ba7524",
    "data": [
      {
        "text": "I am unable to find what I am suffering from",
        "userDefined": false
      }
    ],
    "isTemplate": false,
    "count": 0,
    "lang": "en",
    "updated": 0
  },
  {
    "id": "83c06aa0-3209-497f-b5ac-7c62af56dc8e",
    "data": [
      {
        "text": "Can you help me identify the disease",
        "userDefined": false
      }
    ],
    "isTemplate": false,
    "count": 0,
    "lang": "en",
    "updated": 0
  },
  {
    "id": "1e643df7-1b82-4dde-9560-4640ef78ad15",
    "data": [
      {
        "text": "Can you help me diagnose my symptoms",
        "userDefined": false
      }
    ],
    "isTemplate": false,
    "count": 0,
    "lang": "en",
    "updated": 0
  },
  {
    "id": "edf4943d-0250-42fa-bcd4-d4bd0cf7b7bc",
    "data": [
      {
        "text": "I am feeling sick",
        "userDefined": false
      }
    ],
    "isTemplate": false,
    "count": 0,
    "lang": "en",
    "updated": 0
  },
  {
    "id": "c573440a-876a-472a-a0fc-741ddde1c8f9",
    "data": [
      {
        "text": "I think I am sick",
        "userDefined": false
      }
    ],
    "isTemplate": false,
    "count": 0,
    "lang": "en",
    "updated": 0
  },
  {
    "id": "012a5910-bcfb-479c-94f5-03b840c685a3",
    "data": [
      {
        "text": "I am not feeling well",
        "userDefined": false
      }
    ],
    "isTemplate": false,
    "count": 0,
    "lang": "en",
    "updated": 0
  }
]