[
  {
    "id": "6ef48d9e-55db-4cbd-883c-15ba95d313d5",
    "data": [
      {
        "text": "disease type ",
        "userDefined": false
      },
      {
        "text": "look",
        "userDefined": false
      },
      {
        "text": " up",
        "userDefined": false
      }
    ],
    "isTemplate": false,
    "count": 0,
    "lang": "en",
    "updated": 0
  },
  {
    "id": "d5f07a4b-3114-4ade-a3af-c8ebe7765c18",
    "data": [
      {
        "text": "seaching illness",
        "userDefined": false
      }
    ],
    "isTemplate": false,
    "count": 0,
    "lang": "en",
    "updated": 0
  },
  {
    "id": "bf3e2fbe-e3d1-4cea-b343-034bf1ccdf0f",
    "data": [
      {
        "text": "look",
        "userDefined": false
      },
      {
        "text": " for disease",
        "userDefined": false
      }
    ],
    "isTemplate": false,
    "count": 0,
    "lang": "en",
    "updated": 0
  },
  {
    "id": "47beca6d-77eb-450b-b024-e0ec90928649",
    "data": [
      {
        "text": "disease",
        "userDefined": false
      }
    ],
    "isTemplate": false,
    "count": 0,
    "lang": "en",
    "updated": 0
  },
  {
    "id": "cd9f1978-0744-4b10-88af-933ebb80fc2a",
    "data": [
      {
        "text": "disease name",
        "userDefined": false
      }
    ],
    "isTemplate": false,
    "count": 0,
    "lang": "en",
    "updated": 0
  },
  {
    "id": "30aeb0fb-7ac8-4b9d-afd1-3ff8de05579b",
    "data": [
      {
        "text": "search for a disease",
        "userDefined": false
      }
    ],
    "isTemplate": false,
    "count": 0,
    "lang": "en",
    "updated": 0
  }
]