[
  {
    "id": "3453b0bb-923d-43d9-a18b-441cd74e3c77",
    "data": [
      {
        "text": "search for a cure",
        "userDefined": false
      }
    ],
    "isTemplate": false,
    "count": 0,
    "lang": "en",
    "updated": 0
  },
  {
    "id": "f367398a-3800-467a-a5c7-ba0184173272",
    "data": [
      {
        "text": "medication search",
        "userDefined": false
      }
    ],
    "isTemplate": false,
    "count": 0,
    "lang": "en",
    "updated": 0
  },
  {
    "id": "de54b12c-6cca-44dd-b1dc-003ffb7d7441",
    "data": [
      {
        "text": "looking for remedy",
        "userDefined": false
      }
    ],
    "isTemplate": false,
    "count": 0,
    "lang": "en",
    "updated": 0
  },
  {
    "id": "18804552-6cfe-464a-94fa-5b5a7974857a",
    "data": [
      {
        "text": "I want to look for a drug description",
        "userDefined": false
      }
    ],
    "isTemplate": false,
    "count": 0,
    "lang": "en",
    "updated": 0
  },
  {
    "id": "fdc4637f-e875-4e62-8c02-4b75c45a1c74",
    "data": [
      {
        "text": "search for a drug",
        "userDefined": false
      }
    ],
    "isTemplate": false,
    "count": 0,
    "lang": "en",
    "updated": 0
  },
  {
    "id": "85e6448f-8354-49a0-99d9-7fd3bead266f",
    "data": [
      {
        "text": "drug name",
        "userDefined": false
      }
    ],
    "isTemplate": false,
    "count": 0,
    "lang": "en",
    "updated": 0
  },
  {
    "id": "84c85a1f-1540-4b0f-97ad-28cdedd7fbb0",
    "data": [
      {
        "text": "medicine name",
        "userDefined": false
      }
    ],
    "isTemplate": false,
    "count": 0,
    "lang": "en",
    "updated": 0
  },
  {
    "id": "dc28a528-e24e-46d0-81ff-4f8ebb3f901c",
    "data": [
      {
        "text": "medicine description",
        "userDefined": false
      }
    ],
    "isTemplate": false,
    "count": 0,
    "lang": "en",
    "updated": 0
  },
  {
    "id": "d2dc3c01-f254-431b-958d-e38d54ebb6fc",
    "data": [
      {
        "text": "medicine",
        "userDefined": false
      }
    ],
    "isTemplate": false,
    "count": 0,
    "lang": "en",
    "updated": 0
  },
  {
    "id": "520150e6-635d-4ba5-9bf9-30605db94664",
    "data": [
      {
        "text": "search for a medicine",
        "userDefined": false
      }
    ],
    "isTemplate": false,
    "count": 0,
    "lang": "en",
    "updated": 0
  }
]